"PARTYNUMBER";"LOCATIONID";"VALIDFROM";"LEGISLATIONTYPE";"COUNTRYREGIONID";"DESCRIPTION";"ISSUEDATE";"ISSUER";"REGISTRATIONNUMBER";"SECTION";"TAXREGSTRATIONTYPE";"VALIDTO"
"000000001";"000000001";"2018-03-30 00:00:00";"UID";"BEL";"";"1900-01-01 00:00:00";"";"BTW BE0433.666.709";"";"Enterprise number";"2154-12-31 00:00:00"
"000000001";"000000001";"2018-03-30 00:00:00";"TAXID";"BEL";"";"1900-01-01 00:00:00";"";"BE0433.666.709";"";"VAT";"2154-12-31 00:00:00"
"000000003";"000003197";"2018-03-30 00:00:00";"UID";"BEL";"";"1900-01-01 00:00:00";"";"BTW BE0474.603.875";"";"Enterprise number";"2018-03-30 00:00:00"
"000000003";"000003197";"2018-03-31 00:00:00";"UID";"BEL";"";"1900-01-01 00:00:00";"";"BTW BE0472.713.068";"";"Enterprise number";"2154-12-31 00:00:00"
"000000008";"000002895";"2018-03-30 00:00:00";"UID";"BEL";"";"1900-01-01 00:00:00";"";"BTW BE0761.103.372";"";"Enterprise number";"2154-12-31 00:00:00"
"000000008";"000002895";"2018-03-30 00:00:00";"TAXID";"BEL";"";"1900-01-01 00:00:00";"";"BE0761.103.372";"";"VAT";"2154-12-31 00:00:00"
"000000018";"000002919";"2025-08-07 00:00:00";"TAXID";"BEL";"";"1900-01-01 00:00:00";"";"BE0123456749";"";"VAT";"2154-12-31 00:00:00"
"000000400";"000005000";"2018-03-30 00:00:00";"UID";"BEL";"";"1900-01-01 00:00:00";"";"BTW BE0402.956.608";"";"Enterprise number";"2154-12-31 00:00:00"
"000000400";"000005000";"2018-03-30 00:00:00";"TAXID";"BEL";"";"1900-01-01 00:00:00";"";"BE0402.956.608";"";"VAT";"2154-12-31 00:00:00"
"000000404";"000005004";"2018-03-30 00:00:00";"UID";"BEL";"";"1900-01-01 00:00:00";"";"BTW BE0407.249.154";"";"Enterprise number";"2154-12-31 00:00:00"
"000000404";"000005004";"2018-03-30 00:00:00";"TAXID";"BEL";"";"1900-01-01 00:00:00";"";"BE0407.249.154";"";"VAT";"2154-12-31 00:00:00"
"000000405";"000005005";"2018-03-30 00:00:00";"UID";"BEL";"";"1900-01-01 00:00:00";"";"BTW BE0427.205.519";"";"Enterprise number";"2154-12-31 00:00:00"
"000000405";"000005005";"2018-03-30 00:00:00";"TAXID";"BEL";"";"1900-01-01 00:00:00";"";"BE0427.205.519";"";"VAT";"2154-12-31 00:00:00"
"000000406";"000005006";"2018-03-30 00:00:00";"UID";"BEL";"";"1900-01-01 00:00:00";"";"BTW BE0425.284.622";"";"Enterprise number";"2154-12-31 00:00:00"
"000000406";"000005006";"2018-03-30 00:00:00";"TAXID";"BEL";"";"1900-01-01 00:00:00";"";"BE0425.284.622";"";"VAT";"2154-12-31 00:00:00"
"000000408";"000005008";"2018-03-30 00:00:00";"UID";"BEL";"";"1900-01-01 00:00:00";"";"BTW BE0400.617.324";"";"Enterprise number";"2154-12-31 00:00:00"
"000000408";"000005008";"2018-03-30 00:00:00";"TAXID";"BEL";"";"1900-01-01 00:00:00";"";"BE0400.617.324";"";"VAT";"2154-12-31 00:00:00"
"000000409";"000005009";"2018-03-30 00:00:00";"UID";"BEL";"";"1900-01-01 00:00:00";"";"BTW BE0422.319.093";"";"Enterprise number";"2154-12-31 00:00:00"
"000000409";"000005009";"2018-03-30 00:00:00";"TAXID";"BEL";"";"1900-01-01 00:00:00";"";"BE0422.319.093";"";"VAT";"2154-12-31 00:00:00"
"000000412";"000005012";"2018-03-30 00:00:00";"UID";"BEL";"";"1900-01-01 00:00:00";"";"BTW BE0889.710.328";"";"Enterprise number";"2154-12-31 00:00:00"
"000000412";"000005012";"2018-03-30 00:00:00";"TAXID";"BEL";"";"1900-01-01 00:00:00";"";"BE0889.710.328";"";"VAT";"2154-12-31 00:00:00"
"000000413";"000005013";"2018-03-30 00:00:00";"UID";"BEL";"";"1900-01-01 00:00:00";"";"BTW BE0427.433.864";"";"Enterprise number";"2154-12-31 00:00:00"
"000000413";"000005013";"2018-03-30 00:00:00";"TAXID";"BEL";"";"1900-01-01 00:00:00";"";"BE0427.433.864";"";"VAT";"2154-12-31 00:00:00"
"000000414";"000005014";"2018-03-30 00:00:00";"UID";"BEL";"";"1900-01-01 00:00:00";"";"BTW BE0413.705.790";"";"Enterprise number";"2154-12-31 00:00:00"
"000000414";"000005014";"2018-03-30 00:00:00";"TAXID";"BEL";"";"1900-01-01 00:00:00";"";"BE0413.705.790";"";"VAT";"2154-12-31 00:00:00"
"000000415";"000005015";"2018-03-30 00:00:00";"UID";"BEL";"";"1900-01-01 00:00:00";"";"BTW BE0452.359.894";"";"Enterprise number";"2154-12-31 00:00:00"
"000000415";"000005015";"2018-03-30 00:00:00";"TAXID";"BEL";"";"1900-01-01 00:00:00";"";"BE0452.359.894";"";"VAT";"2154-12-31 00:00:00"
"000000416";"000005016";"2018-03-30 00:00:00";"UID";"BEL";"";"1900-01-01 00:00:00";"";"BTW BE0428.230.254";"";"Enterprise number";"2154-12-31 00:00:00"
"000000416";"000005016";"2018-03-30 00:00:00";"TAXID";"BEL";"";"1900-01-01 00:00:00";"";"BE0428.230.254";"";"VAT";"2154-12-31 00:00:00"
"000000417";"000005017";"2018-03-30 00:00:00";"UID";"BEL";"";"1900-01-01 00:00:00";"";"BTW BE0441.099.283";"";"Enterprise number";"2154-12-31 00:00:00"
"000000417";"000005017";"2018-03-30 00:00:00";"TAXID";"BEL";"";"1900-01-01 00:00:00";"";"BE0441.099.283";"";"VAT";"2154-12-31 00:00:00"
"000000419";"000005019";"2018-03-30 00:00:00";"UID";"BEL";"";"1900-01-01 00:00:00";"";"BTW BE0882.268.745";"";"Enterprise number";"2154-12-31 00:00:00"
"000000419";"000005019";"2018-03-30 00:00:00";"TAXID";"BEL";"";"1900-01-01 00:00:00";"";"BE0882.268.745";"";"VAT";"2154-12-31 00:00:00"
"000000420";"000005020";"2018-03-30 00:00:00";"UID";"BEL";"";"1900-01-01 00:00:00";"";"BTW BE0526.772.752";"";"Enterprise number";"2154-12-31 00:00:00"
"000000420";"000005020";"2018-03-30 00:00:00";"TAXID";"BEL";"";"1900-01-01 00:00:00";"";"BE0526.772.752";"";"VAT";"2154-12-31 00:00:00"
"000000421";"000005021";"2018-03-30 00:00:00";"UID";"BEL";"";"1900-01-01 00:00:00";"";"BTW BE0451.244.592";"";"Enterprise number";"2154-12-31 00:00:00"
"000000421";"000005021";"2018-03-30 00:00:00";"TAXID";"BEL";"";"1900-01-01 00:00:00";"";"BE0451.244.592";"";"VAT";"2154-12-31 00:00:00"
"000000423";"000005023";"2018-03-30 00:00:00";"UID";"BEL";"";"1900-01-01 00:00:00";"";"BTW BE0405.350.033";"";"Enterprise number";"2154-12-31 00:00:00"
"000000423";"000005023";"2018-03-30 00:00:00";"TAXID";"BEL";"";"1900-01-01 00:00:00";"";"BE0405.350.033";"";"VAT";"2154-12-31 00:00:00"
"000000424";"000005024";"2018-03-30 00:00:00";"UID";"BEL";"";"1900-01-01 00:00:00";"";"BTW BE0416.598.370";"";"Enterprise number";"2154-12-31 00:00:00"
"000000424";"000005024";"2018-03-30 00:00:00";"TAXID";"BEL";"";"1900-01-01 00:00:00";"";"BE0416.598.370";"";"VAT";"2154-12-31 00:00:00"
"000000425";"000005025";"2018-03-30 00:00:00";"UID";"BEL";"";"1900-01-01 00:00:00";"";"BTW BE0405.317.567";"";"Enterprise number";"2154-12-31 00:00:00"
"000000425";"000005025";"2018-03-30 00:00:00";"TAXID";"BEL";"";"1900-01-01 00:00:00";"";"BE0405.317.567";"";"VAT";"2154-12-31 00:00:00"
"000000426";"000005026";"2018-03-30 00:00:00";"UID";"BEL";"";"1900-01-01 00:00:00";"";"BTW BE0653.979.542";"";"Enterprise number";"2154-12-31 00:00:00"
"000000426";"000005026";"2018-03-30 00:00:00";"TAXID";"BEL";"";"1900-01-01 00:00:00";"";"BE0653.979.542";"";"VAT";"2154-12-31 00:00:00"
"000000427";"000005027";"2018-03-30 00:00:00";"UID";"BEL";"";"1900-01-01 00:00:00";"";"BTW BE0402.753.995";"";"Enterprise number";"2154-12-31 00:00:00"
"000000427";"000005027";"2018-03-30 00:00:00";"TAXID";"BEL";"";"1900-01-01 00:00:00";"";"BE0402.753.995";"";"VAT";"2154-12-31 00:00:00"
"000000431";"000005031";"2018-03-30 00:00:00";"UID";"BEL";"";"1900-01-01 00:00:00";"";"BTW BE0419.107.009";"";"Enterprise number";"2154-12-31 00:00:00"
"000000431";"000005031";"2018-03-30 00:00:00";"TAXID";"BEL";"";"1900-01-01 00:00:00";"";"BE0419.107.009";"";"VAT";"2154-12-31 00:00:00"
"000000432";"000005032";"2018-03-30 00:00:00";"UID";"BEL";"";"1900-01-01 00:00:00";"";"BTW BE0651.680.543";"";"Enterprise number";"2154-12-31 00:00:00"
"000000432";"000005032";"2018-03-30 00:00:00";"TAXID";"BEL";"";"1900-01-01 00:00:00";"";"BE0651.680.543";"";"VAT";"2154-12-31 00:00:00"
"000000433";"000005033";"2018-03-30 00:00:00";"UID";"BEL";"";"1900-01-01 00:00:00";"";"BTW BE0447.875.427";"";"Enterprise number";"2154-12-31 00:00:00"
"000000433";"000005033";"2018-03-30 00:00:00";"TAXID";"BEL";"";"1900-01-01 00:00:00";"";"BE0447.875.427";"";"VAT";"2154-12-31 00:00:00"
"000000434";"000005034";"2018-03-30 00:00:00";"UID";"BEL";"";"1900-01-01 00:00:00";"";"BTW BE0479.497.130";"";"Enterprise number";"2154-12-31 00:00:00"
"000000434";"000005034";"2018-03-30 00:00:00";"TAXID";"BEL";"";"1900-01-01 00:00:00";"";"BE0479.497.130";"";"VAT";"2154-12-31 00:00:00"
"000000435";"000005035";"2018-03-30 00:00:00";"UID";"BEL";"";"1900-01-01 00:00:00";"";"BTW BE0407.219.658";"";"Enterprise number";"2154-12-31 00:00:00"
"000000435";"000005035";"2018-03-30 00:00:00";"TAXID";"BEL";"";"1900-01-01 00:00:00";"";"BE0407.219.658";"";"VAT";"2154-12-31 00:00:00"
"000000436";"000005036";"2018-03-30 00:00:00";"TAXID";"CHN";"";"1900-01-01 00:00:00";"";"BE0407.219.658";"";"VAT";"2154-12-31 00:00:00"
"000000438";"000005038";"2018-03-30 00:00:00";"UID";"BEL";"";"1900-01-01 00:00:00";"";"BTW BE0448.515.132";"";"Enterprise number";"2154-12-31 00:00:00"
"000000438";"000005038";"2018-03-30 00:00:00";"TAXID";"BEL";"";"1900-01-01 00:00:00";"";"BE0448.515.132";"";"VAT";"2154-12-31 00:00:00"
"000000439";"000005039";"2018-03-30 00:00:00";"UID";"BEL";"";"1900-01-01 00:00:00";"";"BTW BE0435.941.358";"";"Enterprise number";"2154-12-31 00:00:00"
"000000439";"000005039";"2018-03-30 00:00:00";"TAXID";"BEL";"";"1900-01-01 00:00:00";"";"BE0435.941.358";"";"VAT";"2154-12-31 00:00:00"
"000000441";"000005041";"2018-03-30 00:00:00";"UID";"BEL";"";"1900-01-01 00:00:00";"";"BTW BE0447.764.668";"";"Enterprise number";"2154-12-31 00:00:00"
"000000441";"000005041";"2018-03-30 00:00:00";"TAXID";"BEL";"";"1900-01-01 00:00:00";"";"BE0447.764.668";"";"VAT";"2154-12-31 00:00:00"
"000000442";"000005042";"2018-03-30 00:00:00";"UID";"BEL";"";"1900-01-01 00:00:00";"";"BTW BE0817.438.202";"";"Enterprise number";"2154-12-31 00:00:00"
"000000442";"000005042";"2018-03-30 00:00:00";"TAXID";"BEL";"";"1900-01-01 00:00:00";"";"BE0817.438.202";"";"VAT";"2154-12-31 00:00:00"
"000000443";"000005043";"2018-03-30 00:00:00";"UID";"BEL";"";"1900-01-01 00:00:00";"";"BTW BE0457.098.840";"";"Enterprise number";"2154-12-31 00:00:00"
"000000443";"000005043";"2018-03-30 00:00:00";"TAXID";"BEL";"";"1900-01-01 00:00:00";"";"BE0457.098.840";"";"VAT";"2154-12-31 00:00:00"
"000000444";"000005044";"2018-03-30 00:00:00";"UID";"BEL";"";"1900-01-01 00:00:00";"";"BTW BE0405.713.386";"";"Enterprise number";"2154-12-31 00:00:00"
"000000444";"000005044";"2018-03-30 00:00:00";"TAXID";"BEL";"";"1900-01-01 00:00:00";"";"BE0405.713.386";"";"VAT";"2154-12-31 00:00:00"
"000000445";"000005045";"2018-03-30 00:00:00";"UID";"BEL";"";"1900-01-01 00:00:00";"";"BTW BE0419.397.415";"";"Enterprise number";"2154-12-31 00:00:00"
"000000445";"000005045";"2018-03-30 00:00:00";"TAXID";"BEL";"";"1900-01-01 00:00:00";"";"BE0419.397.415";"";"VAT";"2154-12-31 00:00:00"
"000000446";"000005046";"2018-03-30 00:00:00";"UID";"BEL";"";"1900-01-01 00:00:00";"";"BTW BE0896.763.812";"";"Enterprise number";"2154-12-31 00:00:00"
"000000446";"000005046";"2018-03-30 00:00:00";"TAXID";"BEL";"";"1900-01-01 00:00:00";"";"BE0896.763.812";"";"VAT";"2154-12-31 00:00:00"
"000000450";"000005050";"2018-03-30 00:00:00";"UID";"BEL";"";"1900-01-01 00:00:00";"";"BTW BE0405.414.072";"";"Enterprise number";"2154-12-31 00:00:00"
"000000450";"000005050";"2018-03-30 00:00:00";"TAXID";"BEL";"";"1900-01-01 00:00:00";"";"BE0405.414.072";"";"VAT";"2154-12-31 00:00:00"
"000000451";"000005051";"2018-03-30 00:00:00";"UID";"BEL";"";"1900-01-01 00:00:00";"";"BTW BE0400.974.739";"";"Enterprise number";"2154-12-31 00:00:00"
"000000451";"000005051";"2018-03-30 00:00:00";"TAXID";"BEL";"";"1900-01-01 00:00:00";"";"BE0400.974.739";"";"VAT";"2154-12-31 00:00:00"
"000000455";"000005055";"2018-03-30 00:00:00";"UID";"BEL";"";"1900-01-01 00:00:00";"";"BTW BE0421.117.679";"";"Enterprise number";"2154-12-31 00:00:00"
"000000455";"000005055";"2018-03-30 00:00:00";"TAXID";"BEL";"";"1900-01-01 00:00:00";"";"BE0421.117.679";"";"VAT";"2154-12-31 00:00:00"
"000000457";"000005057";"2018-03-30 00:00:00";"UID";"BEL";"";"1900-01-01 00:00:00";"";"BTW BE0406.383.379";"";"Enterprise number";"2154-12-31 00:00:00"
"000000457";"000005057";"2018-03-30 00:00:00";"TAXID";"BEL";"";"1900-01-01 00:00:00";"";"BE0406.383.379";"";"VAT";"2154-12-31 00:00:00"
"000000458";"000005058";"2018-03-30 00:00:00";"UID";"BEL";"";"1900-01-01 00:00:00";"";"BTW BE0405.562.641";"";"Enterprise number";"2154-12-31 00:00:00"
"000000458";"000005058";"2018-03-30 00:00:00";"TAXID";"BEL";"";"1900-01-01 00:00:00";"";"BE0405.562.641";"";"VAT";"2154-12-31 00:00:00"
"000000460";"000005060";"2018-03-30 00:00:00";"UID";"BEL";"";"1900-01-01 00:00:00";"";"BTW BE0434.532.779";"";"Enterprise number";"2154-12-31 00:00:00"
"000000460";"000005060";"2018-03-30 00:00:00";"TAXID";"BEL";"";"1900-01-01 00:00:00";"";"BE0434.532.779";"";"VAT";"2154-12-31 00:00:00"
"000000462";"000005062";"2018-03-30 00:00:00";"UID";"BEL";"";"1900-01-01 00:00:00";"";"BTW BE0417.348.339";"";"Enterprise number";"2154-12-31 00:00:00"
"000000462";"000005062";"2018-03-30 00:00:00";"TAXID";"BEL";"";"1900-01-01 00:00:00";"";"BE0417.348.339";"";"VAT";"2154-12-31 00:00:00"
"000000463";"000005063";"2018-03-30 00:00:00";"UID";"BEL";"";"1900-01-01 00:00:00";"";"BTW BE0426.860.673";"";"Enterprise number";"2154-12-31 00:00:00"
"000000463";"000005063";"2018-03-30 00:00:00";"TAXID";"BEL";"";"1900-01-01 00:00:00";"";"BE0426.860.673";"";"VAT";"2154-12-31 00:00:00"
"000000465";"000005065";"2018-03-30 00:00:00";"UID";"BEL";"";"1900-01-01 00:00:00";"";"BTW BE0407.409.007";"";"Enterprise number";"2154-12-31 00:00:00"
"000000465";"000005065";"2018-03-30 00:00:00";"TAXID";"BEL";"";"1900-01-01 00:00:00";"";"BE0407.409.007";"";"VAT";"2154-12-31 00:00:00"
"000000466";"000005066";"2018-03-30 00:00:00";"UID";"BEL";"";"1900-01-01 00:00:00";"";"BTW BE0407.079.207";"";"Enterprise number";"2154-12-31 00:00:00"
"000000466";"000005066";"2018-03-30 00:00:00";"TAXID";"BEL";"";"1900-01-01 00:00:00";"";"BE0407.079.207";"";"VAT";"2154-12-31 00:00:00"
"000000467";"000002401";"2018-03-30 00:00:00";"TAXID";"NLD";"";"1900-01-01 00:00:00";"";"NL823188152B01";"";"VAT";"2154-12-31 00:00:00"
"000000468";"000002402";"2018-03-30 00:00:00";"TAXID";"NLD";"";"1900-01-01 00:00:00";"";"NL007919839B01";"";"VAT";"2154-12-31 00:00:00"
"000000469";"000002405";"2018-03-30 00:00:00";"TAXID";"NLD";"";"1900-01-01 00:00:00";"";"NL856464338B01";"";"VAT";"2154-12-31 00:00:00"
"000000470";"000002408";"2018-03-30 00:00:00";"TAXID";"NLD";"";"1900-01-01 00:00:00";"";"NL001632553B28";"";"VAT";"2154-12-31 00:00:00"
"000000471";"000002410";"2018-03-30 00:00:00";"TAXID";"NLD";"";"1900-01-01 00:00:00";"";"NL009219250B01";"";"VAT";"2154-12-31 00:00:00"
